{
	"info": {
		"_postman_id": "74a8e929-26c0-406e-bf3f-81ca39e7f659",
		"name": "note-management",
		"schema": "https://schema.getpostman.com/json/collection/v2.1.0/collection.json"
	},
	"item": [
		{
			"name": "create note",
			"request": {
				"method": "POST",
				"header": [],
				"body": {
					"mode": "raw",
					"raw": "{\n  \"title\": \"title note 3\",\n  \"content\": \"Content note 3\"\n}",
					"options": {
						"raw": {
							"language": "json"
						}
					}
				},
				"url": {
					"raw": "http://localhost:5000/notes",
					"protocol": "http",
					"host": [
						"localhost"
					],
					"port": "5000",
					"path": [
						"notes"
					]
				}
			},
			"response": []
		},
		{
			"name": "get notes",
			"request": {
				"method": "GET",
				"header": [],
				"url": {
					"raw": "http://localhost:5000/notes",
					"protocol": "http",
					"host": [
						"localhost"
					],
					"port": "5000",
					"path": [
						"notes"
					]
				}
			},
			"response": []
		},
		{
			"name": "update note",
			"request": {
				"method": "PUT",
				"header": [],
				"body": {
					"mode": "raw",
					"raw": "{\n  \"title\": \"title note 2\",\n  \"content\": \"Content note2\"\n}",
					"options": {
						"raw": {
							"language": "json"
						}
					}
				},
				"url": {
					"raw": "http://localhost:5000/notes/2",
					"protocol": "http",
					"host": [
						"localhost"
					],
					"port": "5000",
					"path": [
						"notes",
						"2"
					]
				}
			},
			"response": []
		},
		{
			"name": "delete note",
			"request": {
				"method": "DELETE",
				"header": [],
				"url": {
					"raw": "http://localhost:5000/notes/1",
					"protocol": "http",
					"host": [
						"localhost"
					],
					"port": "5000",
					"path": [
						"notes",
						"1"
					]
				}
			},
			"response": []
		}
	]
}